{
    "(2, -1)": [
        -1.2191425405268257,
        1.3752488505297213,
        1.2796370351877193,
        -1.4357433451906152
    ],
    "(3, -1)": [
        -0.9840858768416962,
        1.3407532716994133,
        -1.5057696149939785,
        1.1491022201362646
    ],
    "(3, 0)": [
        0.039422281929311756,
        0.6392248006699435,
        -0.7312054020433559,
        0.05255831944409953
    ],
    "(2, 0)": [
        -0.9850247182544245,
        2.2952332108655082,
        -1.3899347793529073,
        0.07972628674182843
    ],
    "(2, -2)": [
        -1.0911992855109187,
        -0.05063934803790185,
        1.9115417403976624,
        -0.7697031068488409
    ],
    "(3, -2)": [
        -0.8489195479713034,
        -0.08838633553563785,
        2.0109247419459244,
        -1.0736188584389843
    ],
    "(2, -3)": [
        -1.0180947656031538,
        -0.5064955091592768,
        2.4485778736580617,
        -0.923987598895632
    ],
    "(1, -3)": [
        -0.6122354369511493,
        2.413616506995529,
        -0.8973249213106926,
        -0.9040561487336866
    ],
    "(1, -2)": [
        0.5064060722353935,
        -0.7320015838737627,
        -0.15890112308250792,
        0.3844966347208773
    ],
    "(0, -2)": [
        -0.7066813279847411,
        -0.8219770597735605,
        2.030375982524828,
        -0.5017175947665365
    ],
    "(0, -3)": [
        -1.2557154737931115,
        -1.1179940725432242,
        1.7989540969818416,
        0.5747554493545007
    ],
    "(-1, -2)": [
        -0.1829783243257008,
        0.17176450410253646,
        0.2762467799105125,
        -0.26503295968734825
    ],
    "(-1, -3)": [
        -0.32879076180645117,
        -1.2040092436905512,
        1.9226839640094753,
        -0.38988395851247415
    ],
    "(-1, -4)": [
        0.5200437630238004,
        -0.8159974038172042,
        -0.6511552661351486,
        0.9471089069285521
    ],
    "(0, -4)": [
        -0.6372593629367006,
        -1.125487039935988,
        2.429272934822989,
        -0.6665265319502989
    ],
    "(1, -4)": [
        0.08458227527362064,
        0.8098981063051973,
        -0.07536307134091953,
        -0.8191173102378985
    ],
    "(2, -4)": [
        -0.2725939496581697,
        -0.3951931146512815,
        0.685912349034844,
        -0.01812528472539355
    ],
    "(0, -1)": [
        -1.319967401103977,
        -0.04719326863290438,
        2.779799998985719,
        -1.4126393292488364
    ],
    "(1, -1)": [
        -1.2820898501229658,
        0.32310896946760514,
        2.3346257888727666,
        -1.3756449082174131
    ],
    "(3, -3)": [
        -0.40235286840378626,
        -0.24372215655729984,
        1.0451093263595164,
        -0.39903430139842877
    ],
    "(3, -4)": [
        -0.1250499887337688,
        -0.06120405951282583,
        0.3896956052307686,
        -0.20344155698417385
    ],
    "(-1, -1)": [
        -0.641559901445347,
        -1.3903201376489396,
        3.3473539191888717,
        -1.3154738800945893
    ],
    "(-1, 0)": [
        4.1700572136718,
        -1.6217401624853027,
        -1.014605578773235,
        -1.5337114724132592
    ],
    "(-2, 4)": [
        0.25080513117109465,
        -0.11469134893242447,
        -0.7835085363514434,
        0.6473947541127729
    ],
    "(-2, 3)": [
        -0.08041403434628998,
        -0.16436128978856285,
        -0.10346466546116669,
        0.3482399895960195
    ],
    "(-1, 3)": [
        -0.5680370492974073,
        -0.8537058774382582,
        -0.5180710436463984,
        1.9398139703820647
    ],
    "(0, 3)": [
        -0.581854804332623,
        -1.1981488200424273,
        -0.27350345555555244,
        2.0535070799306014
    ],
    "(0, 4)": [
        -0.04868121751538725,
        -0.9707620353979728,
        -0.8305228151847638,
        1.8499660680981231
    ],
    "(0, 2)": [
        -0.2881978739377142,
        -0.2597224369152271,
        -1.4098374661922708,
        1.9577577770452113
    ],
    "(-1, 2)": [
        0.42092256139716633,
        -1.2730751968009388,
        -1.1112179443214218,
        1.9633705797251935
    ],
    "(-2, 2)": [
        2.7724974591840508,
        -0.9492075279331398,
        -1.5001494563314186,
        -0.3231404749194907
    ],
    "(-3, 3)": [
        0.2781639730978386,
        0.012039441272656628,
        -1.1036956749014921,
        0.8134922605309974
    ],
    "(-3, 4)": [
        0.04064062123019488,
        0.06060945485452515,
        -0.34933067234006604,
        0.2480805962553464
    ],
    "(-3, 2)": [
        1.2233076490471968,
        -0.3697728401992568,
        -1.3761063200100432,
        0.5225715111621037
    ],
    "(-3, 1)": [
        0.7142167760121555,
        -1.4073236717006283,
        0.4900298603416315,
        0.20307703534684027
    ],
    "(-3, 0)": [
        -0.10308780087593533,
        -0.9282862201701639,
        -0.9703010802229373,
        2.0016751012690452
    ],
    "(-2, 0)": [
        1.6707726640082878,
        -0.36817668175017854,
        -0.3763590042478961,
        -0.9262369780102157
    ],
    "(-2, 1)": [
        2.0754057124027208,
        -1.7104653211575929,
        0.7234932577244366,
        -1.0884336489695603
    ],
    "(1, 3)": [
        -0.4054925680628113,
        -0.49395213946202904,
        -1.0103674666434261,
        1.90981217416827
    ],
    "(-1, 4)": [
        0.969735703139938,
        -0.8517888644487858,
        -0.04286396286921048,
        -0.07508287582194237
    ],
    "(1, 4)": [
        -0.5605594673285192,
        1.0268449906067398,
        -0.2611908327628076,
        -0.2050946905154117
    ],
    "(1, 2)": [
        -1.195922195362886,
        0.8427567579755508,
        -0.539226147323675,
        0.8923915847110111
    ],
    "(-1, 1)": [
        2.5163476978206627,
        -0.39450152713672854,
        -0.9585842287661892,
        -1.1632619419177488
    ],
    "(0, 1)": [
        -0.004617107119829596,
        -2.2170720011376486,
        -1.4260485338093212,
        3.6477376420668137
    ],
    "(1, 0)": [
        -1.2730219771487759,
        3.984789561601726,
        -0.8820587943850392,
        -1.8297087900679083
    ],
    "(2, 1)": [
        0.3122547229985635,
        0.4987898322674572,
        -1.4593484762036337,
        0.6483039209376099
    ],
    "(1, 1)": [
        -1.238230850963066,
        1.8385003435643286,
        -1.4893013464987737,
        0.8890318538975059
    ],
    "(3, 1)": [
        -1.2453272045387738,
        2.7001514848521486,
        -0.7667141412660808,
        -0.6881101390472976
    ],
    "(4, 1)": [
        -0.7000029023297033,
        0.9187321165509666,
        -0.49828283983266286,
        0.27955362561139807
    ],
    "(4, 0)": [
        -0.5176242712005412,
        1.143698860718243,
        -0.057174931441445295,
        -0.568899658076258
    ],
    "(-4, -1)": [
        0.5725614651982984,
        0.10988941306037953,
        -0.08801489359812169,
        -0.5944359846605566
    ],
    "(-4, 0)": [
        0.7052338065983166,
        1.323696016769457,
        -1.0728282381167578,
        -0.9561015852510175
    ],
    "(-3, -1)": [
        1.1663217666913592,
        -1.5047538878459672,
        -0.39321274759276825,
        0.7316448687473753
    ],
    "(-3, -2)": [
        -0.2568442835566965,
        0.5963656955449667,
        0.6303609621877472,
        -0.9698823741760165
    ],
    "(-2, -1)": [
        3.2193741094987955,
        -0.9068365281507264,
        -1.1008868859184648,
        -1.211650695429603
    ],
    "(-4, 1)": [
        1.0593645989244587,
        -0.6661239647057831,
        -0.3372178665865493,
        -0.056022767632125964
    ],
    "(-4, 2)": [
        0.3590328488669059,
        0.020950211682894147,
        -0.34832297348942093,
        -0.03166008706037925
    ],
    "(-4, 3)": [
        0.40237959489797387,
        -0.40532827344265365,
        0.3718636592271023,
        -0.3689149806824224
    ],